<?xml version="1.0" encoding="UTF-8" standalone="yes"?>
<addon id="repository.hypericious" name="Hypericious Repo" version="1.0.0" provider-name="Hypericious">
	<extension point="xbmc.addon.repository" name="Hypericious Repo">
		<info>https://raw.githubusercontent.com/antestre7/hypericious/master/addons.xml</info>
		<checksum>https://raw.githubusercontent.com/antestre7/hypericious/master/addons.xml.md5</checksum>
		<datadir zip="true">https://raw.githubusercontent.com/antestre7/hypericious/master/</datadir>
	</extension>
    <extension point="xbmc.addon.metadata">
        <summary>Hypericious TV Repo</summary>
        <description></description>
        <platform>all</platform>
    </extension>
</addon>